kD,kP,Start_guess
2.9416956402329806,2.3398347794482026,1
-0.5782503506423939,2.7503886072210797,2
-1.0786523109898762,-1.4258588582265574,3
-2.46162235552608,-0.3517760302942423,4
0.9058500116390289,1.50403090551249,5
2.324975778497132,2.5939344582151485,6
2.9960270176545585,-1.055729523299636,7
-2.9908826659222565,-0.9709564342090564,8
1.5076439452600638,0.6929040991764253,9
2.93162358832892,-1.016382400822522,10
